<?xml version="1.0" encoding="iso-8859-1"?>

<satellites>
	<sat name="Eutelsat Hot Bird 13B/13C/13D (13.0E)" flags="0" position="130">
		<transponder frequency="10729000" symbol_rate="22000000" polarization="1" fec_inner="2" system="1" modulation="2"/>
		<transponder frequency="10743000" symbol_rate="22000000" polarization="0" fec_inner="4" system="0" modulation="1"/>
		<transponder frequency="10758000" symbol_rate="22000000" polarization="1" fec_inner="4" system="0" modulation="1"/>
		<transponder frequency="10773000" symbol_rate="22000000" polarization="0" fec_inner="3" system="1" modulation="2"/>
		<transponder frequency="10788000" symbol_rate="22000000" polarization="1" fec_inner="4" system="0" modulation="1"/>
		<transponder frequency="10802000" symbol_rate="22000000" polarization="0" fec_inner="3" system="1" modulation="2"/>
		<transponder frequency="10817000" symbol_rate="22000000" polarization="1" fec_inner="2" system="1" modulation="2"/>
		<transponder frequency="10832000" symbol_rate="22000000" polarization="0" fec_inner="2" system="1" modulation="2"/>
		<transponder frequency="10847000" symbol_rate="22000000" polarization="1" fec_inner="4" system="0" modulation="1"/>
		<transponder frequency="10876000" symbol_rate="22000000" polarization="1" fec_inner="4" system="0" modulation="1"/>
		<transponder frequency="10891000" symbol_rate="22000000" polarization="0" fec_inner="2" system="1" modulation="2"/>
		<transponder frequency="10920000" symbol_rate="22000000" polarization="0" fec_inner="5" system="0" modulation="1"/>
		<transponder frequency="10935000" symbol_rate="22000000" polarization="1" fec_inner="2" system="1" modulation="2"/>
		<transponder frequency="10964000" symbol_rate="22000000" polarization="0" fec_inner="2" system="1" modulation="2"/>
		<transponder frequency="10979000" symbol_rate="22000000" polarization="1" fec_inner="4" system="0" modulation="1"/>
		<transponder frequency="10994000" symbol_rate="22000000" polarization="0" fec_inner="9" system="1" modulation="1"/>
		<transponder frequency="11023000" symbol_rate="22000000" polarization="0" fec_inner="4" system="0" modulation="1"/>
		<transponder frequency="11038000" symbol_rate="22000000" polarization="1" fec_inner="4" system="0" modulation="1"/>
		<transponder frequency="11052000" symbol_rate="22000000" polarization="0" fec_inner="2" system="1" modulation="2"/>
		<transponder frequency="11067000" symbol_rate="22000000" polarization="1" fec_inner="4" system="0" modulation="1"/>
		<transponder frequency="11082000" symbol_rate="22000000" polarization="0" fec_inner="3" system="1" modulation="2"/>
		<transponder frequency="11097000" symbol_rate="22000000" polarization="1" fec_inner="4" system="0" modulation="1"/>
		<transponder frequency="11111000" symbol_rate="22000000" polarization="0" fec_inner="2" system="1" modulation="2"/>
		<transponder frequency="11126000" symbol_rate="22000000" polarization="1" fec_inner="2" system="1" modulation="2"/>
		<transponder frequency="11156000" symbol_rate="22000000" polarization="1" fec_inner="4" system="0" modulation="1"/>
		<transponder frequency="11170000" symbol_rate="22000000" polarization="0" fec_inner="3" system="1" modulation="2"/>
		<transponder frequency="11185000" symbol_rate="22000000" polarization="1" fec_inner="4" system="0" modulation="1"/>
		<transponder frequency="11229000" symbol_rate="22000000" polarization="1" fec_inner="2" system="1" modulation="2"/>
		<transponder frequency="11243000" symbol_rate="22000000" polarization="0" fec_inner="4" system="0" modulation="1"/>
		<transponder frequency="11258000" symbol_rate="22000000" polarization="1" fec_inner="2" system="1" modulation="2"/>
		<transponder frequency="11273000" symbol_rate="22000000" polarization="0" fec_inner="2" system="1" modulation="2"/>
		<transponder frequency="11288000" symbol_rate="22000000" polarization="1" fec_inner="2" system="1" modulation="2"/>
		<transponder frequency="11302000" symbol_rate="22000000" polarization="0" fec_inner="2" system="1" modulation="2"/>
		<transponder frequency="11317000" symbol_rate="22000000" polarization="1" fec_inner="4" system="0" modulation="1"/>
		<transponder frequency="11332000" symbol_rate="22000000" polarization="0" fec_inner="3" system="1" modulation="2"/>
		<transponder frequency="11347000" symbol_rate="22000000" polarization="1" fec_inner="2" system="1" modulation="2"/>
		<transponder frequency="11361000" symbol_rate="22000000" polarization="0" fec_inner="2" system="1" modulation="2"/>
		<transponder frequency="11376000" symbol_rate="22000000" polarization="1" fec_inner="2" system="1" modulation="2"/>
		<transponder frequency="11391000" symbol_rate="22000000" polarization="0" fec_inner="4" system="0" modulation="1"/>
		<transponder frequency="11406000" symbol_rate="22000000" polarization="1" fec_inner="2" system="1" modulation="2"/>
		<transponder frequency="11420000" symbol_rate="22000000" polarization="0" fec_inner="4" system="0" modulation="1"/>
		<transponder frequency="11435000" symbol_rate="22000000" polarization="1" fec_inner="2" system="1" modulation="2"/>
		<transponder frequency="11464000" symbol_rate="22000000" polarization="0" fec_inner="2" system="1" modulation="2"/>
		<transponder frequency="11479000" symbol_rate="22000000" polarization="1" fec_inner="4" system="0" modulation="1"/>
		<transponder frequency="11493000" symbol_rate="22000000" polarization="0" fec_inner="2" system="1" modulation="2"/>
		<transponder frequency="11508000" symbol_rate="22000000" polarization="1" fec_inner="4" system="0" modulation="1"/>
		<transponder frequency="11523000" symbol_rate="22000000" polarization="0" fec_inner="4" system="0" modulation="1"/>
		<transponder frequency="11538000" symbol_rate="22000000" polarization="1" fec_inner="4" system="0" modulation="1"/>
		<transponder frequency="11552000" symbol_rate="22000000" polarization="0" fec_inner="3" system="1" modulation="2"/>
		<transponder frequency="11567000" symbol_rate="22000000" polarization="1" fec_inner="4" system="0" modulation="1"/>
		<transponder frequency="11582000" symbol_rate="22000000" polarization="0" fec_inner="2" system="1" modulation="2"/>
		<transponder frequency="11597000" symbol_rate="22000000" polarization="1" fec_inner="4" system="0" modulation="1"/>
		<transponder frequency="11611000" symbol_rate="22000000" polarization="0" fec_inner="4" system="0" modulation="1"/>
		<transponder frequency="11626000" symbol_rate="22000000" polarization="1" fec_inner="4" system="0" modulation="1"/>
		<transponder frequency="11641000" symbol_rate="22000000" polarization="0" fec_inner="4" system="0" modulation="1"/>
		<transponder frequency="11656000" symbol_rate="22000000" polarization="1" fec_inner="2" system="1" modulation="2"/>
		<transponder frequency="11670000" symbol_rate="22000000" polarization="0" fec_inner="2" system="1" modulation="2"/>
		<transponder frequency="11685000" symbol_rate="22000000" polarization="1" fec_inner="4" system="0" modulation="1"/>
		<transponder frequency="11719000" symbol_rate="27500000" polarization="0" fec_inner="3" system="0" modulation="1"/>
		<transponder frequency="11739000" symbol_rate="27500000" polarization="1" fec_inner="3" system="0" modulation="1"/>
		<transponder frequency="11758000" symbol_rate="27500000" polarization="0" fec_inner="3" system="0" modulation="1"/>
		<transponder frequency="11778000" symbol_rate="27500000" polarization="1" fec_inner="3" system="0" modulation="1"/>
		<transponder frequency="11797000" symbol_rate="27500000" polarization="0" fec_inner="3" system="0" modulation="1"/>
		<transponder frequency="11817000" symbol_rate="29700000" polarization="1" fec_inner="4" system="1" modulation="1"/>
		<transponder frequency="11836000" symbol_rate="27500000" polarization="0" fec_inner="3" system="0" modulation="1"/>
		<transponder frequency="11856000" symbol_rate="27500000" polarization="1" fec_inner="3" system="0" modulation="1"/>
		<transponder frequency="11875000" symbol_rate="27500000" polarization="0" fec_inner="3" system="1" modulation="2"/>
		<transponder frequency="11895000" symbol_rate="27500000" polarization="1" fec_inner="3" system="0" modulation="1"/>
		<transponder frequency="11914000" symbol_rate="27500000" polarization="0" fec_inner="9" system="1" modulation="1"/>
		<transponder frequency="11934000" symbol_rate="27500000" polarization="1" fec_inner="3" system="0" modulation="1"/>
		<transponder frequency="11953000" symbol_rate="27500000" polarization="0" fec_inner="3" system="0" modulation="1"/>
		<transponder frequency="11973000" symbol_rate="27500000" polarization="1" fec_inner="3" system="0" modulation="1"/>
		<transponder frequency="11992000" symbol_rate="27500000" polarization="0" fec_inner="9" system="1" modulation="1"/>
		<transponder frequency="12012000" symbol_rate="29700000" polarization="1" fec_inner="2" system="1" modulation="2"/>
		<transponder frequency="12031000" symbol_rate="27500000" polarization="0" fec_inner="3" system="0" modulation="1"/>
		<transponder frequency="12051000" symbol_rate="27500000" polarization="1" fec_inner="3" system="0" modulation="1"/>
		<transponder frequency="12070000" symbol_rate="27500000" polarization="0" fec_inner="3" system="0" modulation="1"/>
		<transponder frequency="12090000" symbol_rate="29700000" polarization="1" fec_inner="4" system="1" modulation="1"/>
		<transponder frequency="12109000" symbol_rate="27500000" polarization="0" fec_inner="3" system="0" modulation="1"/>
		<transponder frequency="12129000" symbol_rate="29700000" polarization="1" fec_inner="4" system="1" modulation="1"/>
		<transponder frequency="12148000" symbol_rate="27500000" polarization="0" fec_inner="3" system="0" modulation="1"/>
		<transponder frequency="12168000" symbol_rate="29700000" polarization="1" fec_inner="4" system="1" modulation="1"/>
		<transponder frequency="12187000" symbol_rate="27500000" polarization="0" fec_inner="3" system="0" modulation="1"/>
		<transponder frequency="12207000" symbol_rate="29700000" polarization="1" fec_inner="4" system="1" modulation="1"/>
		<transponder frequency="12226000" symbol_rate="27500000" polarization="0" fec_inner="3" system="0" modulation="1"/>
		<transponder frequency="12246000" symbol_rate="29700000" polarization="1" fec_inner="4" system="1" modulation="1"/>
		<transponder frequency="12265000" symbol_rate="27500000" polarization="0" fec_inner="3" system="0" modulation="1"/>
		<transponder frequency="12285000" symbol_rate="29700000" polarization="1" fec_inner="2" system="1" modulation="2"/>
		<transponder frequency="12304000" symbol_rate="27500000" polarization="0" fec_inner="9" system="1" modulation="1"/>
		<transponder frequency="12324000" symbol_rate="27500000" polarization="1" fec_inner="3" system="0" modulation="1"/>
		<transponder frequency="12363000" symbol_rate="27500000" polarization="1" fec_inner="3" system="0" modulation="1"/>
		<transponder frequency="12382000" symbol_rate="27500000" polarization="0" fec_inner="9" system="1" modulation="1"/>
		<transponder frequency="12402000" symbol_rate="27500000" polarization="1" fec_inner="3" system="0" modulation="1"/>
		<transponder frequency="12421000" symbol_rate="27500000" polarization="0" fec_inner="3" system="0" modulation="1"/>
		<transponder frequency="12441000" symbol_rate="29700000" polarization="1" fec_inner="4" system="1" modulation="1"/>
		<transponder frequency="12460000" symbol_rate="27500000" polarization="0" fec_inner="3" system="0" modulation="1"/>
		<transponder frequency="12480000" symbol_rate="27500000" polarization="1" fec_inner="3" system="0" modulation="1"/>
		<transponder frequency="12515000" symbol_rate="22000000" polarization="0" fec_inner="4" system="0" modulation="1"/>
		<transponder frequency="12522000" symbol_rate="22000000" polarization="1" fec_inner="4" system="0" modulation="1"/>
		<transponder frequency="12544000" symbol_rate="22000000" polarization="0" fec_inner="4" system="0" modulation="1"/>
		<transponder frequency="12551000" symbol_rate="22000000" polarization="1" fec_inner="4" system="0" modulation="1"/>
		<transponder frequency="12574000" symbol_rate="22000000" polarization="0" fec_inner="2" system="1" modulation="2"/>
		<transponder frequency="12581000" symbol_rate="22000000" polarization="1" fec_inner="4" system="0" modulation="1"/>
		<transponder frequency="12603000" symbol_rate="22000000" polarization="0" fec_inner="4" system="0" modulation="1"/>
		<transponder frequency="12610000" symbol_rate="22000000" polarization="1" fec_inner="2" system="1" modulation="2"/>
		<transponder frequency="12633000" symbol_rate="22000000" polarization="0" fec_inner="4" system="0" modulation="1"/>
		<transponder frequency="12640000" symbol_rate="22000000" polarization="1" fec_inner="4" system="0" modulation="1"/>
		<transponder frequency="12662000" symbol_rate="22000000" polarization="0" fec_inner="4" system="0" modulation="1"/>
		<transponder frequency="12669000" symbol_rate="22000000" polarization="1" fec_inner="2" system="1" modulation="2"/>
		<transponder frequency="12692000" symbol_rate="22000000" polarization="0" fec_inner="4" system="0" modulation="1"/>
		<transponder frequency="12699000" symbol_rate="22000000" polarization="1" fec_inner="4" system="0" modulation="1"/>
		<transponder frequency="12721000" symbol_rate="23500000" polarization="0" fec_inner="2" system="1" modulation="2"/>
		<transponder frequency="12728000" symbol_rate="22000000" polarization="1" fec_inner="4" system="0" modulation="1"/>
		<transponder frequency="18366000" symbol_rate="15000000" polarization="1" fec_inner="1" system="1" modulation="1"/>
		<transponder frequency="18515000" symbol_rate="3630000" polarization="1" fec_inner="2" system="1" modulation="2"/>
		<transponder frequency="18538000" symbol_rate="3344000" polarization="1" fec_inner="3" system="1" modulation="2"/>
		<transponder frequency="18556000" symbol_rate="3630000" polarization="1" fec_inner="2" system="1" modulation="2"/>
		<transponder frequency="18754000" symbol_rate="4500000" polarization="0" fec_inner="3" system="0" modulation="1"/>
		<transponder frequency="18760000" symbol_rate="5500000" polarization="0" fec_inner="2" system="1" modulation="2"/>
		<transponder frequency="18766000" symbol_rate="3110000" polarization="0" fec_inner="1" system="1" modulation="2"/>
	</sat>
	<sat name="Astra 1KR/1L/1M/1N (19.2E)" flags="0" position="192">
		<transponder frequency="10719000" symbol_rate="27500000" polarization="1" fec_inner="4" system="0" modulation="1"/>
		<transponder frequency="10729000" symbol_rate="22000000" polarization="1" fec_inner="2" system="1" modulation="2"/>
		<transponder frequency="10758000" symbol_rate="27500000" polarization="1" fec_inner="3" system="1" modulation="2"/>
		<transponder frequency="10758000" symbol_rate="22000000" polarization="1" fec_inner="4" system="0" modulation="1"/>
		<transponder frequency="10773000" symbol_rate="22000000" polarization="0" fec_inner="3" system="1" modulation="2"/>
		<transponder frequency="10775000" symbol_rate="29900000" polarization="0" fec_inner="4" system="0" modulation="1"/>
		<transponder frequency="10788000" symbol_rate="22000000" polarization="1" fec_inner="4" system="0" modulation="1"/>
		<transponder frequency="10796000" symbol_rate="27500000" polarization="1" fec_inner="4" system="0" modulation="1"/>
		<transponder frequency="10803000" symbol_rate="22000000" polarization="0" fec_inner="3" system="1" modulation="2"/>
		<transponder frequency="10815000" symbol_rate="27500000" polarization="0" fec_inner="4" system="0" modulation="1"/>
		<transponder frequency="10818000" symbol_rate="22000000" polarization="1" fec_inner="2" system="1" modulation="2"/>
		<transponder frequency="10832000" symbol_rate="22000000" polarization="0" fec_inner="2" system="1" modulation="2"/>
		<transponder frequency="10834000" symbol_rate="27500000" polarization="1" fec_inner="3" system="1" modulation="2"/>
		<transponder frequency="10853000" symbol_rate="29900000" polarization="0" fec_inner="2" system="1" modulation="2"/>
		<transponder frequency="10873000" symbol_rate="27500000" polarization="1" fec_inner="3" system="0" modulation="1"/>
		<transponder frequency="10876000" symbol_rate="22000000" polarization="1" fec_inner="4" system="0" modulation="1"/>
		<transponder frequency="10891000" symbol_rate="22000000" polarization="0" fec_inner="2" system="1" modulation="2"/>
		<transponder frequency="10892000" symbol_rate="27500000" polarization="0" fec_inner="3" system="0" modulation="1"/>
		<transponder frequency="10906000" symbol_rate="22000000" polarization="1" fec_inner="2" system="1" modulation="2"/>
		<transponder frequency="10911000" symbol_rate="27500000" polarization="1" fec_inner="3" system="1" modulation="2"/>
		<transponder frequency="10921000" symbol_rate="22000000" polarization="0" fec_inner="5" system="0" modulation="1"/>
		<transponder frequency="10930000" symbol_rate="30000000" polarization="0" fec_inner="2" system="1" modulation="2"/>
		<transponder frequency="10935000" symbol_rate="22000000" polarization="1" fec_inner="2" system="1" modulation="2"/>
		<transponder frequency="10949000" symbol_rate="27500000" polarization="1" fec_inner="3" system="0" modulation="1"/>
		<transponder frequency="10964000" symbol_rate="22000000" polarization="0" fec_inner="2" system="1" modulation="2"/>
		<transponder frequency="10971000" symbol_rate="29700000" polarization="0" fec_inner="2" system="1" modulation="2"/>
		<transponder frequency="10979000" symbol_rate="22000000" polarization="1" fec_inner="4" system="0" modulation="1"/>
		<transponder frequency="10992000" symbol_rate="27500000" polarization="1" fec_inner="2" system="0" modulation="1"/>
		<transponder frequency="11034000" symbol_rate="27500000" polarization="1" fec_inner="3" system="0" modulation="1"/>
		<transponder frequency="11038000" symbol_rate="22000000" polarization="1" fec_inner="4" system="0" modulation="1"/>
		<transponder frequency="11053000" symbol_rate="22000000" polarization="0" fec_inner="2" system="1" modulation="2"/>
		<transponder frequency="11054000" symbol_rate="27500000" polarization="0" fec_inner="4" system="0" modulation="1"/>
		<transponder frequency="11068000" symbol_rate="22000000" polarization="1" fec_inner="4" system="0" modulation="1"/>
		<transponder frequency="11075000" symbol_rate="27500000" polarization="1" fec_inner="3" system="0" modulation="1"/>
		<transponder frequency="11082000" symbol_rate="22000000" polarization="0" fec_inner="3" system="1" modulation="2"/>
		<transponder frequency="11096000" symbol_rate="29900000" polarization="0" fec_inner="2" system="1" modulation="2"/>
		<transponder frequency="11097000" symbol_rate="22000000" polarization="1" fec_inner="4" system="0" modulation="1"/>
		<transponder frequency="11111000" symbol_rate="22000000" polarization="0" fec_inner="2" system="1" modulation="2"/>
		<transponder frequency="11117000" symbol_rate="27500000" polarization="1" fec_inner="3" system="0" modulation="1"/>
		<transponder frequency="11126000" symbol_rate="22000000" polarization="1" fec_inner="2" system="1" modulation="2"/>
		<transponder frequency="11137000" symbol_rate="27500000" polarization="0" fec_inner="3" system="0" modulation="1"/>
		<transponder frequency="11156000" symbol_rate="22000000" polarization="1" fec_inner="4" system="0" modulation="1"/>
		<transponder frequency="11158000" symbol_rate="27500000" polarization="1" fec_inner="4" system="0" modulation="1"/>
		<transponder frequency="11171000" symbol_rate="22000000" polarization="0" fec_inner="3" system="1" modulation="2"/>
		<transponder frequency="11179000" symbol_rate="27500000" polarization="0" fec_inner="3" system="0" modulation="1"/>
		<transponder frequency="11185000" symbol_rate="22000000" polarization="1" fec_inner="2" system="1" modulation="2"/>
		<transponder frequency="11200000" symbol_rate="27500000" polarization="1" fec_inner="4" system="0" modulation="1"/>
		<transponder frequency="11219000" symbol_rate="29900000" polarization="0" fec_inner="4" system="0" modulation="1"/>
		<transponder frequency="11229000" symbol_rate="22000000" polarization="1" fec_inner="2" system="1" modulation="2"/>
		<transponder frequency="11240000" symbol_rate="27500000" polarization="1" fec_inner="3" system="0" modulation="1"/>
		<transponder frequency="11244000" symbol_rate="22000000" polarization="0" fec_inner="4" system="0" modulation="1"/>
		<transponder frequency="11258000" symbol_rate="27500000" polarization="0" fec_inner="3" system="1" modulation="2"/>
		<transponder frequency="11258000" symbol_rate="22000000" polarization="1" fec_inner="2" system="1" modulation="2"/>
		<transponder frequency="11273000" symbol_rate="22000000" polarization="0" fec_inner="2" system="1" modulation="2"/>
		<transponder frequency="11278000" symbol_rate="27500000" polarization="1" fec_inner="3" system="1" modulation="2"/>
		<transponder frequency="11288000" symbol_rate="22000000" polarization="1" fec_inner="2" system="1" modulation="2"/>
		<transponder frequency="11296000" symbol_rate="27500000" polarization="0" fec_inner="3" system="1" modulation="2"/>
		<transponder frequency="11303000" symbol_rate="22000000" polarization="0" fec_inner="2" system="1" modulation="2"/>
		<transponder frequency="11317000" symbol_rate="27500000" polarization="1" fec_inner="3" system="0" modulation="1"/>
		<transponder frequency="11318000" symbol_rate="22000000" polarization="1" fec_inner="4" system="0" modulation="1"/>
		<transponder frequency="11334000" symbol_rate="27500000" polarization="0" fec_inner="3" system="0" modulation="1"/>
		<transponder frequency="11347000" symbol_rate="22000000" polarization="1" fec_inner="2" system="1" modulation="2"/>
		<transponder frequency="11355000" symbol_rate="29900000" polarization="1" fec_inner="4" system="0" modulation="1"/>
		<transponder frequency="11362000" symbol_rate="22000000" polarization="0" fec_inner="2" system="1" modulation="2"/>
		<transponder frequency="11373000" symbol_rate="29900000" polarization="0" fec_inner="3" system="0" modulation="1"/>
		<transponder frequency="11377000" symbol_rate="22000000" polarization="1" fec_inner="2" system="1" modulation="2"/>
		<transponder frequency="11393000" symbol_rate="27500000" polarization="1" fec_inner="4" system="0" modulation="1"/>
		<transponder frequency="11411000" symbol_rate="27500000" polarization="0" fec_inner="4" system="1" modulation="2"/>
		<transponder frequency="11421000" symbol_rate="22000000" polarization="0" fec_inner="4" system="0" modulation="1"/>
		<transponder frequency="11436000" symbol_rate="22000000" polarization="1" fec_inner="2" system="1" modulation="2"/>
		<transponder frequency="11449000" symbol_rate="27500000" polarization="0" fec_inner="3" system="1" modulation="2"/>
		<transponder frequency="11464000" symbol_rate="22000000" polarization="0" fec_inner="2" system="1" modulation="2"/>
		<transponder frequency="11471000" symbol_rate="27500000" polarization="1" fec_inner="4" system="0" modulation="1"/>
		<transponder frequency="11488000" symbol_rate="27500000" polarization="0" fec_inner="4" system="0" modulation="1"/>
		<transponder frequency="11494000" symbol_rate="22000000" polarization="0" fec_inner="2" system="1" modulation="2"/>
		<transponder frequency="11508000" symbol_rate="27500000" polarization="1" fec_inner="3" system="1" modulation="2"/>
		<transponder frequency="11509000" symbol_rate="22000000" polarization="1" fec_inner="4" system="0" modulation="1"/>
		<transponder frequency="11523000" symbol_rate="22000000" polarization="0" fec_inner="2" system="1" modulation="2"/>
		<transponder frequency="11526000" symbol_rate="27500000" polarization="0" fec_inner="3" system="0" modulation="1"/>
		<transponder frequency="11538000" symbol_rate="22000000" polarization="1" fec_inner="4" system="0" modulation="1"/>
		<transponder frequency="11541000" symbol_rate="22000000" polarization="1" fec_inner="4" system="0" modulation="1"/>
		<transponder frequency="11553000" symbol_rate="22000000" polarization="0" fec_inner="2" system="1" modulation="2"/>
		<transponder frequency="11566000" symbol_rate="27500000" polarization="0" fec_inner="3" system="0" modulation="1"/>
		<transponder frequency="11582000" symbol_rate="22000000" polarization="0" fec_inner="2" system="1" modulation="2"/>
		<transponder frequency="11585000" symbol_rate="27500000" polarization="1" fec_inner="3" system="0" modulation="1"/>
		<transponder frequency="11604000" symbol_rate="27500000" polarization="0" fec_inner="4" system="0" modulation="1"/>
		<transponder frequency="11623000" symbol_rate="27500000" polarization="1" fec_inner="3" system="0" modulation="1"/>
		<transponder frequency="11642000" symbol_rate="27500000" polarization="0" fec_inner="3" system="0" modulation="1"/>
		<transponder frequency="11662000" symbol_rate="27500000" polarization="1" fec_inner="3" system="1" modulation="2"/>
		<transponder frequency="11671000" symbol_rate="22000000" polarization="0" fec_inner="2" system="1" modulation="2"/>
		<transponder frequency="11681000" symbol_rate="27500000" polarization="0" fec_inner="3" system="1" modulation="2"/>
		<transponder frequency="11686000" symbol_rate="22000000" polarization="1" fec_inner="4" system="0" modulation="1"/>
		<transponder frequency="11727000" symbol_rate="27500000" polarization="1" fec_inner="3" system="0" modulation="1"/>
		<transponder frequency="11739000" symbol_rate="27500000" polarization="1" fec_inner="3" system="0" modulation="1"/>
		<transponder frequency="11747000" symbol_rate="27500000" polarization="0" fec_inner="3" system="0" modulation="1"/>
		<transponder frequency="11758000" symbol_rate="27500000" polarization="0" fec_inner="9" system="1" modulation="1"/>
		<transponder frequency="11766000" symbol_rate="27500000" polarization="1" fec_inner="2" system="0" modulation="1"/>
		<transponder frequency="11778000" symbol_rate="29500000" polarization="1" fec_inner="9" system="1" modulation="1"/>
		<transponder frequency="11785000" symbol_rate="29900000" polarization="0" fec_inner="3" system="1" modulation="2"/>
		<transponder frequency="11797000" symbol_rate="27500000" polarization="0" fec_inner="9" system="1" modulation="1"/>
		<transponder frequency="11804000" symbol_rate="27500000" polarization="1" fec_inner="2" system="0" modulation="1"/>
		<transponder frequency="11823000" symbol_rate="27500000" polarization="0" fec_inner="3" system="0" modulation="1"/>
		<transponder frequency="11837000" symbol_rate="27500000" polarization="0" fec_inner="3" system="0" modulation="1"/>
		<transponder frequency="11843000" symbol_rate="29900000" polarization="1" fec_inner="3" system="1" modulation="2"/>
		<transponder frequency="11856000" symbol_rate="29700000" polarization="1" fec_inner="4" system="1" modulation="1"/>
		<transponder frequency="11862000" symbol_rate="29900000" polarization="0" fec_inner="4" system="0" modulation="1"/>
		<transponder frequency="11881000" symbol_rate="27500000" polarization="1" fec_inner="3" system="0" modulation="1"/>
		<transponder frequency="11895000" symbol_rate="29700000" polarization="1" fec_inner="4" system="1" modulation="1"/>
		<transponder frequency="11900000" symbol_rate="29900000" polarization="0" fec_inner="3" system="1" modulation="2"/>
		<transponder frequency="11914000" symbol_rate="27500000" polarization="0" fec_inner="9" system="1" modulation="1"/>
		<transponder frequency="11919000" symbol_rate="29900000" polarization="1" fec_inner="4" system="0" modulation="1"/>
		<transponder frequency="11934000" symbol_rate="29700000" polarization="1" fec_inner="2" system="1" modulation="2"/>
		<transponder frequency="11938000" symbol_rate="27500000" polarization="0" fec_inner="3" system="1" modulation="2"/>
		<transponder frequency="11954000" symbol_rate="27500000" polarization="0" fec_inner="3" system="0" modulation="1"/>
		<transponder frequency="11958000" symbol_rate="27500000" polarization="1" fec_inner="3" system="0" modulation="1"/>
		<transponder frequency="11973000" symbol_rate="27500000" polarization="1" fec_inner="3" system="0" modulation="1"/>
		<transponder frequency="11977000" symbol_rate="29900000" polarization="0" fec_inner="4" system="0" modulation="1"/>
		<transponder frequency="11992000" symbol_rate="27500000" polarization="0" fec_inner="9" system="1" modulation="1"/>
		<transponder frequency="11996000" symbol_rate="29900000" polarization="1" fec_inner="3" system="1" modulation="2"/>
		<transponder frequency="12012000" symbol_rate="29700000" polarization="1" fec_inner="2" system="1" modulation="2"/>
		<transponder frequency="12015000" symbol_rate="27500000" polarization="0" fec_inner="3" system="0" modulation="1"/>
		<transponder frequency="12031000" symbol_rate="27500000" polarization="0" fec_inner="9" system="1" modulation="1"/>
		<transponder frequency="12034000" symbol_rate="29900000" polarization="1" fec_inner="4" system="0" modulation="1"/>
		<transponder frequency="12051000" symbol_rate="27500000" polarization="1" fec_inner="3" system="0" modulation="1"/>
		<transponder frequency="12054000" symbol_rate="29900000" polarization="0" fec_inner="4" system="0" modulation="1"/>
		<transponder frequency="12073000" symbol_rate="29900000" polarization="1" fec_inner="4" system="0" modulation="1"/>
		<transponder frequency="12090000" symbol_rate="29700000" polarization="1" fec_inner="4" system="1" modulation="1"/>
		<transponder frequency="12092000" symbol_rate="29900000" polarization="0" fec_inner="3" system="1" modulation="2"/>
		<transponder frequency="12110000" symbol_rate="27500000" polarization="0" fec_inner="3" system="0" modulation="1"/>
		<transponder frequency="12111000" symbol_rate="27500000" polarization="1" fec_inner="3" system="0" modulation="1"/>
		<transponder frequency="12130000" symbol_rate="27500000" polarization="0" fec_inner="3" system="1" modulation="2"/>
		<transponder frequency="12148000" symbol_rate="27500000" polarization="0" fec_inner="3" system="0" modulation="1"/>
		<transponder frequency="12149000" symbol_rate="27500000" polarization="1" fec_inner="3" system="0" modulation="1"/>
		<transponder frequency="12168000" symbol_rate="29700000" polarization="1" fec_inner="2" system="1" modulation="2"/>
		<transponder frequency="12169000" symbol_rate="27500000" polarization="0" fec_inner="3" system="1" modulation="2"/>
		<transponder frequency="12188000" symbol_rate="27500000" polarization="0" fec_inner="3" system="0" modulation="1"/>
		<transponder frequency="12188000" symbol_rate="27500000" polarization="1" fec_inner="4" system="0" modulation="1"/>
		<transponder frequency="12207000" symbol_rate="29900000" polarization="0" fec_inner="3" system="1" modulation="2"/>
		<transponder frequency="12207000" symbol_rate="29700000" polarization="1" fec_inner="2" system="1" modulation="2"/>
		<transponder frequency="12226000" symbol_rate="27500000" polarization="0" fec_inner="3" system="0" modulation="1"/>
		<transponder frequency="12226000" symbol_rate="27500000" polarization="1" fec_inner="3" system="0" modulation="1"/>
		<transponder frequency="12265000" symbol_rate="27500000" polarization="1" fec_inner="3" system="1" modulation="2"/>
		<transponder frequency="12284000" symbol_rate="27500000" polarization="0" fec_inner="4" system="0" modulation="1"/>
		<transponder frequency="12285000" symbol_rate="29700000" polarization="1" fec_inner="2" system="1" modulation="2"/>
		<transponder frequency="12303000" symbol_rate="27500000" polarization="1" fec_inner="3" system="1" modulation="2"/>
		<transponder frequency="12304000" symbol_rate="27500000" polarization="0" fec_inner="9" system="1" modulation="1"/>
		<transponder frequency="12322000" symbol_rate="27500000" polarization="0" fec_inner="3" system="0" modulation="1"/>
		<transponder frequency="12324000" symbol_rate="29700000" polarization="1" fec_inner="2" system="1" modulation="2"/>
		<transponder frequency="12341000" symbol_rate="29900000" polarization="1" fec_inner="3" system="1" modulation="2"/>
		<transponder frequency="12360000" symbol_rate="29900000" polarization="0" fec_inner="3" system="1" modulation="2"/>
		<transponder frequency="12380000" symbol_rate="27500000" polarization="1" fec_inner="3" system="0" modulation="1"/>
		<transponder frequency="12382000" symbol_rate="27500000" polarization="0" fec_inner="3" system="1" modulation="2"/>
		<transponder frequency="12399000" symbol_rate="27500000" polarization="0" fec_inner="3" system="0" modulation="1"/>
		<transponder frequency="12402000" symbol_rate="29700000" polarization="1" fec_inner="2" system="1" modulation="2"/>
		<transponder frequency="12418000" symbol_rate="29900000" polarization="1" fec_inner="3" system="1" modulation="2"/>
		<transponder frequency="12422000" symbol_rate="27500000" polarization="0" fec_inner="3" system="0" modulation="1"/>
		<transponder frequency="12437000" symbol_rate="29900000" polarization="0" fec_inner="3" system="1" modulation="1"/>
		<transponder frequency="12460000" symbol_rate="27500000" polarization="0" fec_inner="3" system="0" modulation="1"/>
		<transponder frequency="12466000" symbol_rate="29900000" polarization="1" fec_inner="4" system="0" modulation="1"/>
		<transponder frequency="12476000" symbol_rate="29900000" polarization="0" fec_inner="3" system="1" modulation="2"/>
		<transponder frequency="12480000" symbol_rate="27500000" polarization="1" fec_inner="3" system="0" modulation="1"/>
		<transponder frequency="12516000" symbol_rate="22000000" polarization="0" fec_inner="4" system="0" modulation="1"/>
		<transponder frequency="12520000" symbol_rate="27500000" polarization="1" fec_inner="3" system="0" modulation="1"/>
		<transponder frequency="12522000" symbol_rate="22000000" polarization="1" fec_inner="2" system="1" modulation="2"/>
		<transponder frequency="12539000" symbol_rate="27500000" polarization="0" fec_inner="2" system="1" modulation="1"/>
		<transponder frequency="12544000" symbol_rate="22000000" polarization="0" fec_inner="4" system="0" modulation="1"/>
		<transponder frequency="12552000" symbol_rate="22000000" polarization="1" fec_inner="4" system="0" modulation="1"/>
		<transponder frequency="12558000" symbol_rate="27500000" polarization="1" fec_inner="3" system="0" modulation="1"/>
		<transponder frequency="12574000" symbol_rate="22000000" polarization="0" fec_inner="2" system="1" modulation="2"/>
		<transponder frequency="12577000" symbol_rate="27500000" polarization="0" fec_inner="3" system="1" modulation="2"/>
		<transponder frequency="12597000" symbol_rate="27500000" polarization="1" fec_inner="3" system="0" modulation="1"/>
		<transponder frequency="12604000" symbol_rate="22000000" polarization="0" fec_inner="4" system="0" modulation="1"/>
		<transponder frequency="12616000" symbol_rate="29900000" polarization="0" fec_inner="4" system="0" modulation="1"/>
		<transponder frequency="12633000" symbol_rate="22000000" polarization="0" fec_inner="4" system="0" modulation="1"/>
		<transponder frequency="12635000" symbol_rate="29900000" polarization="1" fec_inner="4" system="0" modulation="1"/>
		<transponder frequency="12640000" symbol_rate="23500000" polarization="1" fec_inner="3" system="1" modulation="2"/>
		<transponder frequency="12654000" symbol_rate="27500000" polarization="0" fec_inner="4" system="0" modulation="1"/>
		<transponder frequency="12662000" symbol_rate="22000000" polarization="0" fec_inner="4" system="0" modulation="1"/>
		<transponder frequency="12670000" symbol_rate="23500000" polarization="1" fec_inner="3" system="1" modulation="2"/>
		<transponder frequency="12673000" symbol_rate="29900000" polarization="1" fec_inner="4" system="0" modulation="1"/>
		<transponder frequency="12692000" symbol_rate="27500000" polarization="0" fec_inner="3" system="1" modulation="2"/>
		<transponder frequency="12692000" symbol_rate="22000000" polarization="0" fec_inner="4" system="0" modulation="1"/>
		<transponder frequency="12699000" symbol_rate="23500000" polarization="1" fec_inner="3" system="1" modulation="2"/>
		<transponder frequency="12713000" symbol_rate="29900000" polarization="1" fec_inner="4" system="0" modulation="1"/>
		<transponder frequency="12728000" symbol_rate="23500000" polarization="1" fec_inner="2" system="1" modulation="2"/>
		<transponder frequency="12731000" symbol_rate="29900000" polarization="0" fec_inner="3" system="1" modulation="2"/>
	</sat>
	<sat name="Astra 3B (23.5E)" flags="0" position="235">
		<transponder frequency="10714000" symbol_rate="22000000" polarization="0" fec_inner="4" system="0" modulation="1"/>
		<transponder frequency="10729000" symbol_rate="22000000" polarization="1" fec_inner="4" system="0" modulation="1"/>
		<transponder frequency="10744000" symbol_rate="22000000" polarization="0" fec_inner="4" system="0" modulation="1"/>
	</sat>
	<sat name="Astra 2C/2E/2F/Eutelsat 28A (28.2E)" flags="0" position="282">
	</sat>
	<sat name="T�rksat 2A/3A/4A (42.0E)" flags="0" position="420">
		<transponder frequency="11459000" symbol_rate="6666000" polarization="1" fec_inner="5" system="0" modulation="1"/>
		<transponder frequency="11460000" symbol_rate="7200000" polarization="0" fec_inner="3" system="1" modulation="1"/>
		<transponder frequency="11469000" symbol_rate="3214000" polarization="0" fec_inner="3" system="1" modulation="2"/>
		<transponder frequency="11470000" symbol_rate="7500000" polarization="1" fec_inner="3" system="1" modulation="2"/>
		<transponder frequency="11476000" symbol_rate="3703000" polarization="1" fec_inner="3" system="0" modulation="1"/>
		<transponder frequency="11479000" symbol_rate="4444000" polarization="0" fec_inner="3" system="0" modulation="1"/>
		<transponder frequency="11484000" symbol_rate="4444000" polarization="1" fec_inner="3" system="0" modulation="1"/>
		<transponder frequency="11490000" symbol_rate="3250000" polarization="1" fec_inner="3" system="0" modulation="1"/>
		<transponder frequency="11491000" symbol_rate="4000000" polarization="0" fec_inner="3" system="1" modulation="2"/>
		<transponder frequency="11498000" symbol_rate="3111000" polarization="1" fec_inner="5" system="0" modulation="1"/>
		<transponder frequency="11501000" symbol_rate="7200000" polarization="0" fec_inner="4" system="1" modulation="2"/>
		<transponder frequency="11501000" symbol_rate="3750000" polarization="1" fec_inner="6" system="1" modulation="2"/>
		<transponder frequency="11506000" symbol_rate="4800000" polarization="0" fec_inner="3" system="1" modulation="2"/>
		<transponder frequency="11508000" symbol_rate="3600000" polarization="1" fec_inner="3" system="1" modulation="1"/>
		<transponder frequency="11512000" symbol_rate="4800000" polarization="1" fec_inner="3" system="1" modulation="1"/>
		<transponder frequency="11516000" symbol_rate="4444000" polarization="0" fec_inner="3" system="0" modulation="1"/>
		<transponder frequency="11519000" symbol_rate="7120000" polarization="1" fec_inner="3" system="1" modulation="2"/>
		<transponder frequency="11521000" symbol_rate="3630000" polarization="0" fec_inner="2" system="1" modulation="2"/>
		<transponder frequency="11527000" symbol_rate="7200000" polarization="0" fec_inner="3" system="1" modulation="1"/>
		<transponder frequency="11528000" symbol_rate="6666000" polarization="0" fec_inner="5" system="0" modulation="1"/>
		<transponder frequency="11530000" symbol_rate="4800000" polarization="1" fec_inner="3" system="1" modulation="2"/>
		<transponder frequency="11532000" symbol_rate="3333000" polarization="0" fec_inner="3" system="0" modulation="1"/>
		<transponder frequency="11579000" symbol_rate="4333000" polarization="0" fec_inner="5" system="0" modulation="1"/>
		<transponder frequency="11583000" symbol_rate="10000000" polarization="1" fec_inner="4" system="1" modulation="2"/>
		<transponder frequency="11591000" symbol_rate="7500000" polarization="0" fec_inner="3" system="1" modulation="2"/>
		<transponder frequency="11597000" symbol_rate="4500000" polarization="1" fec_inner="5" system="0" modulation="1"/>
		<transponder frequency="11599000" symbol_rate="6666000" polarization="0" fec_inner="5" system="0" modulation="1"/>
		<transponder frequency="11608000" symbol_rate="7200000" polarization="0" fec_inner="3" system="1" modulation="2"/>
		<transponder frequency="11619000" symbol_rate="3750000" polarization="1" fec_inner="2" system="1" modulation="2"/>
		<transponder frequency="11620000" symbol_rate="7200000" polarization="0" fec_inner="3" system="1" modulation="2"/>
		<transponder frequency="11622000" symbol_rate="2333000" polarization="1" fec_inner="4" system="1" modulation="1"/>
		<transponder frequency="11625000" symbol_rate="2333000" polarization="1" fec_inner="4" system="1" modulation="1"/>
		<transponder frequency="11628000" symbol_rate="2333000" polarization="1" fec_inner="4" system="1" modulation="1"/>
		<transponder frequency="11630000" symbol_rate="6666000" polarization="0" fec_inner="5" system="0" modulation="1"/>
		<transponder frequency="11631000" symbol_rate="2333000" polarization="1" fec_inner="4" system="1" modulation="1"/>
		<transponder frequency="11634000" symbol_rate="2333000" polarization="1" fec_inner="4" system="1" modulation="1"/>
		<transponder frequency="11636000" symbol_rate="3630000" polarization="0" fec_inner="2" system="1" modulation="2"/>
		<transponder frequency="11642000" symbol_rate="2333000" polarization="1" fec_inner="9" system="1" modulation="2"/>
		<transponder frequency="11648000" symbol_rate="6666000" polarization="0" fec_inner="5" system="0" modulation="1"/>
		<transponder frequency="11650000" symbol_rate="4610000" polarization="1" fec_inner="3" system="1" modulation="2"/>
		<transponder frequency="11658000" symbol_rate="2333000" polarization="1" fec_inner="4" system="1" modulation="1"/>
		<transponder frequency="11663000" symbol_rate="4666000" polarization="1" fec_inner="4" system="1" modulation="1"/>
		<transponder frequency="11668000" symbol_rate="3656000" polarization="1" fec_inner="3" system="1" modulation="2"/>
		<transponder frequency="11671000" symbol_rate="4444000" polarization="0" fec_inner="3" system="0" modulation="1"/>
		<transponder frequency="11672000" symbol_rate="3656000" polarization="1" fec_inner="3" system="1" modulation="2"/>
		<transponder frequency="11676000" symbol_rate="1410000" polarization="1" fec_inner="8" system="1" modulation="1"/>
		<transponder frequency="11678000" symbol_rate="1024000" polarization="1" fec_inner="2" system="1" modulation="2"/>
		<transponder frequency="11679000" symbol_rate="6111000" polarization="0" fec_inner="3" system="1" modulation="2"/>
		<transponder frequency="11679000" symbol_rate="1024000" polarization="1" fec_inner="2" system="1" modulation="2"/>
		<transponder frequency="11680000" symbol_rate="1024000" polarization="1" fec_inner="2" system="1" modulation="2"/>
		<transponder frequency="11683000" symbol_rate="2734000" polarization="1" fec_inner="4" system="0" modulation="1"/>
		<transponder frequency="11686000" symbol_rate="2750000" polarization="1" fec_inner="3" system="1" modulation="2"/>
		<transponder frequency="11720000" symbol_rate="28200000" polarization="0" fec_inner="4" system="1" modulation="2"/>
		<transponder frequency="11739000" symbol_rate="27500000" polarization="1" fec_inner="2" system="1" modulation="2"/>
		<transponder frequency="11758000" symbol_rate="30000000" polarization="0" fec_inner="0" system="1" modulation="1"/>
		<transponder frequency="11778000" symbol_rate="27500000" polarization="1" fec_inner="9" system="1" modulation="1"/>
		<transponder frequency="11798000" symbol_rate="29500000" polarization="0" fec_inner="3" system="1" modulation="2"/>
		<transponder frequency="11836000" symbol_rate="27500000" polarization="0" fec_inner="4" system="0" modulation="1"/>
		<transponder frequency="11856000" symbol_rate="27500000" polarization="1" fec_inner="2" system="1" modulation="2"/>
		<transponder frequency="11876000" symbol_rate="29900000" polarization="0" fec_inner="3" system="1" modulation="2"/>
		<transponder frequency="11895000" symbol_rate="27500000" polarization="1" fec_inner="4" system="0" modulation="1"/>
		<transponder frequency="11914000" symbol_rate="29900000" polarization="0" fec_inner="2" system="1" modulation="2"/>
		<transponder frequency="11934000" symbol_rate="27500000" polarization="1" fec_inner="3" system="1" modulation="2"/>
		<transponder frequency="11973000" symbol_rate="27500000" polarization="1" fec_inner="4" system="0" modulation="1"/>
		<transponder frequency="12032000" symbol_rate="27500000" polarization="0" fec_inner="9" system="1" modulation="1"/>
		<transponder frequency="12070000" symbol_rate="27500000" polarization="0" fec_inner="3" system="0" modulation="1"/>
		<transponder frequency="12110000" symbol_rate="27500000" polarization="0" fec_inner="3" system="1" modulation="2"/>
		<transponder frequency="12129000" symbol_rate="27500000" polarization="1" fec_inner="2" system="1" modulation="2"/>
		<transponder frequency="12148000" symbol_rate="27500000" polarization="0" fec_inner="4" system="1" modulation="2"/>
		<transponder frequency="12168000" symbol_rate="27500000" polarization="1" fec_inner="3" system="0" modulation="1"/>
		<transponder frequency="12188000" symbol_rate="27500000" polarization="0" fec_inner="2" system="1" modulation="2"/>
		<transponder frequency="12207000" symbol_rate="27500000" polarization="1" fec_inner="4" system="1" modulation="2"/>
		<transponder frequency="12304000" symbol_rate="27500000" polarization="0" fec_inner="4" system="1" modulation="2"/>
		<transponder frequency="12344000" symbol_rate="27500000" polarization="0" fec_inner="4" system="1" modulation="2"/>
		<transponder frequency="12363000" symbol_rate="29500000" polarization="1" fec_inner="3" system="1" modulation="2"/>
		<transponder frequency="12382000" symbol_rate="30000000" polarization="0" fec_inner="6" system="1" modulation="2"/>
		<transponder frequency="12402000" symbol_rate="30000000" polarization="1" fec_inner="3" system="1" modulation="2"/>
		<transponder frequency="12525000" symbol_rate="27500000" polarization="0" fec_inner="4" system="1" modulation="2"/>
		<transponder frequency="12525000" symbol_rate="27500000" polarization="1" fec_inner="3" system="0" modulation="1"/>
		<transponder frequency="12550000" symbol_rate="14400000" polarization="0" fec_inner="3" system="1" modulation="2"/>
		<transponder frequency="12550000" symbol_rate="1663000" polarization="1" fec_inner="4" system="1" modulation="2"/>
		<transponder frequency="12554000" symbol_rate="1666000" polarization="1" fec_inner="4" system="1" modulation="2"/>
		<transponder frequency="12562000" symbol_rate="4937000" polarization="1" fec_inner="3" system="1" modulation="2"/>
		<transponder frequency="12568000" symbol_rate="4937000" polarization="1" fec_inner="3" system="1" modulation="2"/>
		<transponder frequency="12572000" symbol_rate="3300000" polarization="1" fec_inner="5" system="0" modulation="1"/>
		<transponder frequency="12576000" symbol_rate="3300000" polarization="1" fec_inner="5" system="0" modulation="1"/>
		<transponder frequency="12580000" symbol_rate="4937000" polarization="1" fec_inner="3" system="1" modulation="2"/>
		<transponder frequency="12590000" symbol_rate="3450000" polarization="1" fec_inner="3" system="1" modulation="2"/>
		<transponder frequency="12591000" symbol_rate="7200000" polarization="0" fec_inner="3" system="1" modulation="2"/>
		<transponder frequency="12600000" symbol_rate="7200000" polarization="1" fec_inner="3" system="1" modulation="2"/>
		<transponder frequency="12601000" symbol_rate="6666000" polarization="0" fec_inner="5" system="0" modulation="1"/>
		<transponder frequency="12608000" symbol_rate="4800000" polarization="1" fec_inner="3" system="1" modulation="2"/>
		<transponder frequency="12609000" symbol_rate="6666000" polarization="0" fec_inner="5" system="0" modulation="1"/>
		<transponder frequency="12614000" symbol_rate="4800000" polarization="1" fec_inner="3" system="1" modulation="2"/>
		<transponder frequency="12621000" symbol_rate="4936000" polarization="0" fec_inner="3" system="1" modulation="2"/>
		<transponder frequency="12621000" symbol_rate="3750000" polarization="1" fec_inner="3" system="1" modulation="2"/>
		<transponder frequency="12636000" symbol_rate="5000000" polarization="1" fec_inner="3" system="1" modulation="2"/>
		<transponder frequency="12645000" symbol_rate="30000000" polarization="0" fec_inner="6" system="1" modulation="2"/>
		<transponder frequency="12652000" symbol_rate="3333000" polarization="1" fec_inner="3" system="1" modulation="2"/>
		<transponder frequency="12656000" symbol_rate="3600000" polarization="1" fec_inner="3" system="1" modulation="2"/>
		<transponder frequency="12661000" symbol_rate="3600000" polarization="1" fec_inner="3" system="1" modulation="2"/>
		<transponder frequency="12671000" symbol_rate="6666000" polarization="0" fec_inner="5" system="0" modulation="1"/>
		<transponder frequency="12674000" symbol_rate="3600000" polarization="1" fec_inner="3" system="1" modulation="2"/>
		<transponder frequency="12677000" symbol_rate="2200000" polarization="1" fec_inner="3" system="1" modulation="2"/>
		<transponder frequency="12680000" symbol_rate="6666000" polarization="0" fec_inner="5" system="0" modulation="1"/>
		<transponder frequency="12680000" symbol_rate="2200000" polarization="1" fec_inner="5" system="1" modulation="2"/>
		<transponder frequency="12683000" symbol_rate="2400000" polarization="1" fec_inner="4" system="1" modulation="2"/>
		<transponder frequency="12687000" symbol_rate="2400000" polarization="1" fec_inner="4" system="1" modulation="2"/>
		<transponder frequency="12690000" symbol_rate="7200000" polarization="0" fec_inner="3" system="1" modulation="2"/>
		<transponder frequency="12692000" symbol_rate="4800000" polarization="1" fec_inner="3" system="1" modulation="2"/>
		<transponder frequency="12697000" symbol_rate="4800000" polarization="1" fec_inner="3" system="1" modulation="2"/>
		<transponder frequency="12699000" symbol_rate="6666000" polarization="0" fec_inner="5" system="1" modulation="2"/>
		<transponder frequency="12710000" symbol_rate="4800000" polarization="1" fec_inner="3" system="1" modulation="2"/>
		<transponder frequency="12717000" symbol_rate="4800000" polarization="1" fec_inner="3" system="1" modulation="1"/>
		<transponder frequency="12723000" symbol_rate="4800000" polarization="1" fec_inner="3" system="1" modulation="1"/>
		<transponder frequency="12725000" symbol_rate="30000000" polarization="0" fec_inner="6" system="1" modulation="2"/>
		<transponder frequency="12730000" symbol_rate="3600000" polarization="1" fec_inner="3" system="1" modulation="1"/>
		<transponder frequency="12735000" symbol_rate="3600000" polarization="1" fec_inner="3" system="1" modulation="1"/>
		<transponder frequency="12740000" symbol_rate="2400000" polarization="1" fec_inner="3" system="1" modulation="2"/>
	</sat>
</satellites>

